{"cameraMode":{"drawMode":0,"name":"Shaded","section":"Shading Mode"},"sceneLighting":true,"audioPlay":false,"sceneViewState":{"showFog":true,"showMaterialUpdate":true,"showSkybox":true,"showFlares":true,"showImageEffects":true,"showParticleSystems":true},"in2DMode":false,"pivot":{"x":-65.16091918945313,"y":10.413047790527344,"z":-10.559232711791993},"rotation":{"x":0.09612572193145752,"y":-0.1749240905046463,"z":0.01722424477338791,"w":0.9797453284263611},"size":0.9348341822624207,"orthographic":false}