{"cameraMode":{"drawMode":0,"name":"Shaded","section":"Shading Mode"},"sceneLighting":true,"audioPlay":false,"sceneViewState":{"showFog":true,"showMaterialUpdate":true,"showSkybox":true,"showFlares":true,"showImageEffects":true,"showParticleSystems":true},"in2DMode":false,"pivot":{"x":-0.9500000476837158,"y":0.04500007629394531,"z":0.0},"rotation":{"x":-0.0480797253549099,"y":-0.9379798769950867,"z":0.14494362473487855,"w":-0.31124427914619448},"size":128.6906280517578,"orthographic":false}