{"cameraMode":{"drawMode":0,"name":"Shaded","section":"Shading Mode"},"sceneLighting":true,"audioPlay":false,"sceneViewState":{"showFog":true,"showMaterialUpdate":true,"showSkybox":true,"showFlares":true,"showImageEffects":true,"showParticleSystems":true},"in2DMode":false,"pivot":{"x":-100.13500213623047,"y":4.385381698608398,"z":5.506011962890625},"rotation":{"x":0.01353065762668848,"y":-0.9802834391593933,"z":0.18326400220394135,"w":0.07279881089925766},"size":37.31468963623047,"orthographic":false}