{"cameraMode":{"drawMode":0,"name":"Shaded","section":"Shading Mode"},"sceneLighting":true,"audioPlay":false,"sceneViewState":{"showFog":true,"showMaterialUpdate":true,"showSkybox":true,"showFlares":true,"showImageEffects":true,"showParticleSystems":true},"in2DMode":false,"pivot":{"x":-50.467247009277347,"y":14.30328369140625,"z":-39.97515869140625},"rotation":{"x":0.0034360948484390976,"y":-0.9944631457328796,"z":0.09908781945705414,"w":0.03493629768490791},"size":58.826622009277347,"orthographic":false}