{"cameraMode":{"drawMode":0,"name":"Shaded","section":"Shading Mode"},"sceneLighting":true,"audioPlay":false,"sceneViewState":{"showFog":true,"showMaterialUpdate":true,"showSkybox":true,"showFlares":true,"showImageEffects":true,"showParticleSystems":true},"in2DMode":false,"pivot":{"x":-153.6009979248047,"y":-2.8690030574798586,"z":1.9777345657348633},"rotation":{"x":0.15613463521003724,"y":0.7355819940567017,"z":-0.18119001388549806,"w":0.6338813900947571},"size":74.43936920166016,"orthographic":false}