{"cameraMode":{"drawMode":0,"name":"Shaded","section":"Shading Mode"},"sceneLighting":true,"audioPlay":false,"sceneViewState":{"showFog":true,"showMaterialUpdate":true,"showSkybox":true,"showFlares":true,"showImageEffects":true,"showParticleSystems":true},"in2DMode":false,"pivot":{"x":-1208.943359375,"y":28.79053497314453,"z":89.71464538574219},"rotation":{"x":-0.10217710584402085,"y":0.5076833367347717,"z":-0.06126797944307327,"w":-0.8535141944885254},"size":65.47978210449219,"orthographic":false}