{"cameraMode":{"drawMode":0,"name":"Shaded","section":"Shading Mode"},"sceneLighting":true,"audioPlay":false,"sceneViewState":{"showFog":true,"showMaterialUpdate":true,"showSkybox":true,"showFlares":true,"showImageEffects":true,"showParticleSystems":true},"in2DMode":false,"pivot":{"x":-50.46464538574219,"y":-2.2388968467712404,"z":-128.3388214111328},"rotation":{"x":-0.035727087408304217,"y":-0.9635922312736511,"z":0.16819915175437928,"w":-0.20476937294006349},"size":137.35382080078126,"orthographic":false}