{"cameraMode":{"drawMode":0,"name":"Shaded","section":"Shading Mode"},"sceneLighting":false,"audioPlay":false,"sceneViewState":{"showFog":true,"showMaterialUpdate":false,"showSkybox":true,"showFlares":true,"showImageEffects":true,"showParticleSystems":true},"in2DMode":false,"pivot":{"x":-1021.7262573242188,"y":-34.58064651489258,"z":281.89898681640627},"rotation":{"x":0.16554562747478486,"y":-0.8142238855361939,"z":0.4807823598384857,"w":0.28030261397361758},"size":339.743408203125,"orthographic":false}